account_id,merchant_id,email,phone,device_hash,address_hash,card_hash,signup_time
acct_d8e8_00_00,d8e8be4b-8407-447a-a2f1-2db069e45dc2,zphcoooil79@hotmail.com,918441657555,07b3f97c1026073a,8dabdaf8c83df794,210f45c3d57d278e,2026-08-17T12:53:41.221875
acct_d8e8_00_01,d8e8be4b-8407-447a-a2f1-2db069e45dc2,ecvsbp104@hotmail.com,918033849352,07b3f97c1026073a,8dabdaf8c83df794,210f45c3d57d278e,2026-08-17T12:41:41.221875
acct_d8e8_00_02,d8e8be4b-8407-447a-a2f1-2db069e45dc2,abzcbfm3@hotmail.com,918357816939,07b3f97c1026073a,8dabdaf8c83df794,210f45c3d57d278e,2026-08-17T12:55:41.221875
acct_d8e8_01_00,d8e8be4b-8407-447a-a2f1-2db069e45dc2,nxicw80@outlook.com,919606665008,1fb9a984f0180c2a,870a56b22d56acdb,5098768ded651d18,2026-08-15T18:40:29.221875
acct_d8e8_01_01,d8e8be4b-8407-447a-a2f1-2db069e45dc2,ntzczc928@gmail.com,917815194479,1fb9a984f0180c2a,bc7a0e4ece85075c,ef87982648abd2c7,2026-08-15T18:39:29.221875
acct_d8e8_01_02,d8e8be4b-8407-447a-a2f1-2db069e45dc2,kgbrgroo331@outlook.com,919419634441,1fb9a984f0180c2a,901dc24d9bb6bd26,31ae0c5c72d1e866,2026-08-15T18:40:29.221875
acct_d8e8_01_03,d8e8be4b-8407-447a-a2f1-2db069e45dc2,mvysbrl876@outlook.com,917247950637,1fb9a984f0180c2a,44956b554e04af53,87d827265f6118c4,2026-08-15T18:39:29.221875
acct_d8e8_01_04,d8e8be4b-8407-447a-a2f1-2db069e45dc2,cpjjnoy44@yahoo.com,919025611883,1fb9a984f0180c2a,940224cc6849b433,0bf3cafc865a0964,2026-08-15T18:39:29.221875
acct_d8e8_01_05,d8e8be4b-8407-447a-a2f1-2db069e45dc2,mqxucfr325@protonmail.com,919599794978,1fb9a984f0180c2a,3522f289f9a297fa,eed3dd9e79bb388b,2026-08-15T18:41:29.221875
acct_d8e8_02_00,d8e8be4b-8407-447a-a2f1-2db069e45dc2,sjyixtwieu167@protonmail.com,918945360458,b99b419ca324a785,3df234af66faba2b,950996bf67bf0549,2026-08-25T13:22:54.221875
acct_d8e8_02_01,d8e8be4b-8407-447a-a2f1-2db069e45dc2,ckqocufkk184@gmail.com,919492828986,b99b419ca324a785,3df234af66faba2b,55215b2498627ded,2026-08-25T14:07:54.221875
acct_d8e8_02_02,d8e8be4b-8407-447a-a2f1-2db069e45dc2,xjulqck5@hotmail.com,919430699717,b99b419ca324a785,3df234af66faba2b,3de23f1b3b7b2ccc,2026-08-25T12:53:54.221875
acct_d8e8_02_03,d8e8be4b-8407-447a-a2f1-2db069e45dc2,qzcyll149@protonmail.com,919228554412,b99b419ca324a785,3df234af66faba2b,34b608dba776f65a,2026-08-25T13:35:54.221875
acct_d8e8_02_04,d8e8be4b-8407-447a-a2f1-2db069e45dc2,qezkntg382@hotmail.com,917136124458,b99b419ca324a785,3df234af66faba2b,ceea9579c1870cde,2026-08-25T12:50:54.221875
acct_d8e8_03_00,d8e8be4b-8407-447a-a2f1-2db069e45dc2,xhkwekkafq834@outlook.com,919534565786,f373e1e9b3773260,54a8e1140c35ab7d,6b3d1762943ba786,2026-08-27T01:10:50.221875
acct_d8e8_03_01,d8e8be4b-8407-447a-a2f1-2db069e45dc2,hobxpj76@outlook.com,917427368504,f373e1e9b3773260,54a8e1140c35ab7d,6b3d1762943ba786,2026-08-27T00:45:50.221875
acct_d8e8_03_02,d8e8be4b-8407-447a-a2f1-2db069e45dc2,bpgbqgsp538@yahoo.com,919926051550,f373e1e9b3773260,54a8e1140c35ab7d,6b3d1762943ba786,2026-08-27T00:19:50.221875
acct_d8e8_04_00,d8e8be4b-8407-447a-a2f1-2db069e45dc2,ymqnggujvq106@outlook.com,918850491868,1c97b38a20ea6544,e00063a55b9fb007,bfd63490f05e81da,2026-08-18T07:36:02.221875
acct_d8e8_04_01,d8e8be4b-8407-447a-a2f1-2db069e45dc2,jkruewp450@gmail.com,918507338053,1c97b38a20ea6544,e00063a55b9fb007,0b94bfc35e739c7d,2026-08-18T08:08:02.221875
acct_d8e8_04_02,d8e8be4b-8407-447a-a2f1-2db069e45dc2,lmlkmiywl860@outlook.com,917636445944,1c97b38a20ea6544,e00063a55b9fb007,d9c850f4dfcc560b,2026-08-18T07:53:02.221875
acct_d8e8_04_03,d8e8be4b-8407-447a-a2f1-2db069e45dc2,qduerpnlf760@gmail.com,918026573885,1c97b38a20ea6544,e00063a55b9fb007,4acdb0ebdeb3e5a4,2026-08-18T07:46:02.221875
acct_d8e8_04_04,d8e8be4b-8407-447a-a2f1-2db069e45dc2,xslwceau776@yahoo.com,919339557632,1c97b38a20ea6544,e00063a55b9fb007,1e73a9184209fe13,2026-08-18T08:00:02.221875
acct_d8e8_04_05,d8e8be4b-8407-447a-a2f1-2db069e45dc2,tsoyvwd919@protonmail.com,917499498025,1c97b38a20ea6544,e00063a55b9fb007,826f8669487169a3,2026-08-18T07:54:02.221875
acct_5e17f2c430,d8e8be4b-8407-447a-a2f1-2db069e45dc2,gopcej830@outlook.com,918527588027,2a1935f38ec54e8c,e8d23313c7f6fb5f,f5074bdd12d7033b,2026-08-26T04:01:31.221875
acct_3295acfa0f,d8e8be4b-8407-447a-a2f1-2db069e45dc2,upwaswltiz53@gmail.com,919824291788,e2115b8c078a33de,9ce0f769983e038d,0adb5d1cd51213cb,2026-08-11T11:22:25.221875
acct_be77f1d689,d8e8be4b-8407-447a-a2f1-2db069e45dc2,khtbpswq404@gmail.com,917771325459,8e11816cc6a4b02b,84fba1a4794151b4,46043ce41a939e77,2026-08-09T15:05:55.221875
acct_d84ced291e,d8e8be4b-8407-447a-a2f1-2db069e45dc2,pmetr778@yahoo.com,917198918127,9827783689c8e454,27c8041cffc7143f,95e667e5b03ca63a,2026-08-12T03:18:20.221875
acct_45eae52da0,d8e8be4b-8407-447a-a2f1-2db069e45dc2,yuhyn214@protonmail.com,919051211929,1c60e944050dba19,6128881ea93d1a56,0bf4b83f841fb66a,2026-08-18T05:15:43.221875
acct_5b6c265357,d8e8be4b-8407-447a-a2f1-2db069e45dc2,nfqqe652@hotmail.com,919257547000,ac6fb853ba67c5e1,fdc1a5f3582ee439,8f19407061c5254e,2026-08-29T07:00:07.221875
acct_84c0ee1188,d8e8be4b-8407-447a-a2f1-2db069e45dc2,ryipwc662@hotmail.com,918964175058,618a99b56c191be2,e9a941dcf7db6427,fda18a03f69820c7,2026-08-06T12:55:40.221875
acct_f2e575cdc9,d8e8be4b-8407-447a-a2f1-2db069e45dc2,eyvjkmv831@yahoo.com,919043746005,92a7aaa3e345f19f,7034f558b3dba690,641743e68912da19,2026-08-07T11:52:16.221875
acct_6c606752b6,d8e8be4b-8407-447a-a2f1-2db069e45dc2,wyqkphsg884@gmail.com,919973860400,d66e8f6179d24740,a801f99ca863a868,c7f1b6935b7285ff,2026-08-25T00:02:25.221875
acct_21b7239f92,d8e8be4b-8407-447a-a2f1-2db069e45dc2,iiugjxoy435@hotmail.com,917152352704,ff6ee8495e3d7a72,5c5028ca47fc67fa,6708b307b5aebe39,2026-08-06T16:45:29.221875
acct_3eaaf6d29a,d8e8be4b-8407-447a-a2f1-2db069e45dc2,zysmlp601@yahoo.com,917304482465,03079e5addd3a786,aed94ee2fcfa912e,06aaf5ca9e5c8431,2026-09-02T02:10:20.221875
acct_03b95604b8,d8e8be4b-8407-447a-a2f1-2db069e45dc2,pbxknll571@yahoo.com,917546807331,6189b3bbe080a31e,4f8bc96a917f172f,1fa4d74debc79888,2026-08-17T13:54:23.221875
acct_f3ba1f77e8,d8e8be4b-8407-447a-a2f1-2db069e45dc2,owslwdtlc940@protonmail.com,917634075641,505fc395cb0b32f8,c5ed7075178a69ad,7c32fe02e03d8f52,2026-08-14T10:58:54.221875
acct_ece9504fe0,d8e8be4b-8407-447a-a2f1-2db069e45dc2,svypt720@protonmail.com,918959333561,c2f437e4c3bbfcaa,dc1c9b9665727372,cf281e26d3b9d39b,2026-08-15T21:37:07.221875
acct_58066456aa,d8e8be4b-8407-447a-a2f1-2db069e45dc2,emysuruz835@hotmail.com,918105498520,a07516050a4d5ebf,cb204f0634f77549,f883582f5c7afb4b,2026-08-11T02:21:50.221875
acct_cbea058f47,d8e8be4b-8407-447a-a2f1-2db069e45dc2,bryvwxlh250@hotmail.com,917476890689,6ae725bd574bd89e,512043696e91f190,269165f3b76f6ce0,2026-08-07T01:52:55.221875
acct_33415b87ae,d8e8be4b-8407-447a-a2f1-2db069e45dc2,kjseivqpv780@yahoo.com,919694299373,7c780203b28c8fa1,d7851b84fa08ef75,0f84f9d14cfc1f66,2026-08-23T20:34:59.221875
acct_a4e4567c22,d8e8be4b-8407-447a-a2f1-2db069e45dc2,jadac864@outlook.com,919839550507,8c3155af767ec571,5ca98422177a971f,ca65ae709d529bcd,2026-08-18T14:34:16.221875
acct_b382ba1a5e,d8e8be4b-8407-447a-a2f1-2db069e45dc2,vuxakd19@protonmail.com,918707559863,f674880737f3b47b,84cfebd334c8331e,b16c0787d254e93d,2026-08-18T14:50:54.221875
acct_c67d32fc38,d8e8be4b-8407-447a-a2f1-2db069e45dc2,emsgyvow746@protonmail.com,918288920719,eac1483708fa6340,ee40ec2212bf5449,47ff7c4bac9be045,2026-08-08T04:03:59.221875
acct_a4491c00f2,d8e8be4b-8407-447a-a2f1-2db069e45dc2,eoaxag22@protonmail.com,917490722434,7817772e34098c78,952d83d833f70860,f88dde7b2529c5a0,2026-09-01T01:36:00.221875
acct_0e3c_00_00,0e3c2cb1-1114-415c-a680-1204829213a3,fgigbisz432@yahoo.com,917587053022,f7cb7f1eedf2fedc,4f3da53f0599da85,7d8584d4831a95ea,2026-09-02T11:32:49.221875
acct_0e3c_00_01,0e3c2cb1-1114-415c-a680-1204829213a3,lvoghxyplj444@gmail.com,919674156601,f7cb7f1eedf2fedc,855d26851a0edbc8,4eb92896729c309e,2026-09-02T11:01:49.221875
acct_0e3c_00_02,0e3c2cb1-1114-415c-a680-1204829213a3,pnyzr76@outlook.com,919029091436,f7cb7f1eedf2fedc,9d4beb5b61d16019,0a0dd930a9418f65,2026-09-02T11:24:49.221875
acct_0e3c_01_00,0e3c2cb1-1114-415c-a680-1204829213a3,xvpuizdxp723@hotmail.com,917208944230,0fcc8acd1880363f,15597bad446e5b03,4cc4661be49de58a,2026-08-17T06:57:40.221875
acct_0e3c_01_01,0e3c2cb1-1114-415c-a680-1204829213a3,gxncamzv650@hotmail.com,919840280391,0fcc8acd1880363f,29d7a08722c8f160,6ac90577a9d2c472,2026-08-17T06:58:40.221875
acct_0e3c_01_02,0e3c2cb1-1114-415c-a680-1204829213a3,yzclf936@yahoo.com,917972817101,0fcc8acd1880363f,a52b286a1d8fb959,f2cf4fe6bc577490,2026-08-17T06:59:40.221875
acct_0e3c_01_03,0e3c2cb1-1114-415c-a680-1204829213a3,obfpaq846@protonmail.com,919989564169,0fcc8acd1880363f,9d55f8bd926bf063,5cee9d630123e5ec,2026-08-17T06:58:40.221875
acct_0e3c_01_04,0e3c2cb1-1114-415c-a680-1204829213a3,yiwswzt669@yahoo.com,919514774124,0fcc8acd1880363f,eeeafbdd4d54f591,38f8f514e810b13d,2026-08-17T07:02:40.221875
acct_0e3c_02_00,0e3c2cb1-1114-415c-a680-1204829213a3,sjgwgmqicl397@yahoo.com,918548708060,19f7a707d441a5e6,06b4ae5dc6e4e382,434f671cddb7d49e,2026-09-04T01:12:46.221875
acct_0e3c_02_01,0e3c2cb1-1114-415c-a680-1204829213a3,hmlqslqre536@hotmail.com,919674160338,19f7a707d441a5e6,06b4ae5dc6e4e382,434f671cddb7d49e,2026-09-04T01:14:46.221875
acct_0e3c_02_02,0e3c2cb1-1114-415c-a680-1204829213a3,ccazbzhkv838@hotmail.com,919672449217,19f7a707d441a5e6,06b4ae5dc6e4e382,434f671cddb7d49e,2026-09-04T01:08:46.221875
acct_0e3c_03_00,0e3c2cb1-1114-415c-a680-1204829213a3,chvomzqpu409@protonmail.com,917104747064,e94eed5d454ab4e3,90c1bc65c94edf2b,fe4716483416221f,2026-08-23T12:32:22.221875
acct_0e3c_03_01,0e3c2cb1-1114-415c-a680-1204829213a3,gxxftjwfbb556@protonmail.com,917384068501,e94eed5d454ab4e3,90c1bc65c94edf2b,fe4716483416221f,2026-08-23T11:28:22.221875
acct_0e3c_03_02,0e3c2cb1-1114-415c-a680-1204829213a3,ftywrmqkkf993@protonmail.com,919128984521,e94eed5d454ab4e3,90c1bc65c94edf2b,fe4716483416221f,2026-08-23T12:45:22.221875
acct_0e3c_03_03,0e3c2cb1-1114-415c-a680-1204829213a3,ohcls831@protonmail.com,917058400076,e94eed5d454ab4e3,90c1bc65c94edf2b,fe4716483416221f,2026-08-23T11:45:22.221875
acct_0e3c_04_00,0e3c2cb1-1114-415c-a680-1204829213a3,agfsddszo454@hotmail.com,919119763382,7fb5ce87660d23d0,5f9bba1512f2298d,ff1bb58d227ad03b,2026-09-03T21:47:58.221875
acct_0e3c_04_01,0e3c2cb1-1114-415c-a680-1204829213a3,vtskzpg207@protonmail.com,918550587731,7fb5ce87660d23d0,5f9bba1512f2298d,ff1bb58d227ad03b,2026-09-03T21:50:58.221875
acct_0e3c_04_02,0e3c2cb1-1114-415c-a680-1204829213a3,gfwetsb270@gmail.com,917683653405,7fb5ce87660d23d0,5f9bba1512f2298d,ff1bb58d227ad03b,2026-09-03T21:49:58.221875
acct_0e3c_04_03,0e3c2cb1-1114-415c-a680-1204829213a3,mljyk120@yahoo.com,917803717806,7fb5ce87660d23d0,5f9bba1512f2298d,ff1bb58d227ad03b,2026-09-03T21:56:58.221875
acct_0e3c_04_04,0e3c2cb1-1114-415c-a680-1204829213a3,qztqwn31@yahoo.com,918551510159,7fb5ce87660d23d0,5f9bba1512f2298d,ff1bb58d227ad03b,2026-09-03T21:53:58.221875
acct_13722d111e,0e3c2cb1-1114-415c-a680-1204829213a3,qsojq745@gmail.com,918313204604,fc7d495c7acb1520,d7d31c7c00187ad4,c660e97fa201f760,2026-08-17T08:33:46.221875
acct_939339817f,0e3c2cb1-1114-415c-a680-1204829213a3,govhotphyd340@hotmail.com,918345553588,650e3c306bfddb20,4b4f6a15bc531376,e56f6085b76cf568,2026-08-17T13:13:02.221875
acct_c44ec8b11d,0e3c2cb1-1114-415c-a680-1204829213a3,snfcvg218@protonmail.com,917462128397,7d7067f3d5e217d3,90b6a30600eb673e,ca443c47ca9471ed,2026-08-13T08:27:08.221875
acct_bcbdc86219,0e3c2cb1-1114-415c-a680-1204829213a3,rlmpdosx565@gmail.com,917733624349,f8d555c6d2692c7c,9084a0a02e9403b4,a2b61be2ba133209,2026-08-27T04:24:16.221875
acct_f2a13070ea,0e3c2cb1-1114-415c-a680-1204829213a3,vsxixsr897@hotmail.com,919677225798,5cbf29ea7c6e16c7,ca7484ff61a128bb,528f0311a722559b,2026-08-07T15:42:12.221875
acct_f749fefdc6,0e3c2cb1-1114-415c-a680-1204829213a3,xzqrmefi319@outlook.com,918707561798,b9be562bb84c8ef4,2935ccc7108ab338,8e7c2311da4c6b1f,2026-08-21T08:23:57.221875
acct_7a4b78a273,0e3c2cb1-1114-415c-a680-1204829213a3,glqzxqg51@hotmail.com,917052158023,6cef2bae7f4202c8,77c442960a7cebd9,ff81ae91ce009985,2026-08-23T22:46:32.221875
acct_cf63535fbe,0e3c2cb1-1114-415c-a680-1204829213a3,qshkww507@protonmail.com,918026120369,7a7bdf271741b93c,e861b3c01de32a47,aa5a18126aa367e0,2026-08-26T01:38:04.221875
acct_668460c955,0e3c2cb1-1114-415c-a680-1204829213a3,ngedrr864@gmail.com,919144396125,5994d107c4d0d4c4,fcebad4307d4ceb9,d52bbac2f7728815,2026-08-25T23:46:44.221875
acct_a530286e80,0e3c2cb1-1114-415c-a680-1204829213a3,yqqbga282@hotmail.com,917160461438,d312e7fae78f4f8f,df2b81279c6cace0,dcebea3143c6e99d,2026-08-30T20:25:49.221875
acct_72faa30264,0e3c2cb1-1114-415c-a680-1204829213a3,tmixfvtlbf457@protonmail.com,917358060955,d3749c737d33a16d,775b02a5c29c6855,291d7352e67974ed,2026-08-12T04:50:06.221875
acct_4dc373337c,0e3c2cb1-1114-415c-a680-1204829213a3,epfqowesmy588@outlook.com,917823653918,590adb1a7d712c4f,60fcd7989b83f935,ec2a8b97c3fba1d0,2026-08-08T01:51:00.221875
acct_e18f6b91cc,0e3c2cb1-1114-415c-a680-1204829213a3,xfkojtchhc422@gmail.com,918027689491,f21cdd2c2cffd94f,3a0b6837592cf862,43b4424d9c17df9f,2026-08-15T14:24:42.221875
acct_bee78b5f93,0e3c2cb1-1114-415c-a680-1204829213a3,chnbirfj41@outlook.com,919182350538,17f0731850b70ef2,ac8f8418719041dd,48b4fd4cde06b346,2026-08-06T06:54:36.221875
acct_63b7f8fceb,0e3c2cb1-1114-415c-a680-1204829213a3,lymemf914@yahoo.com,918586577690,6308936cfc2e0c32,e286c437687790ed,d40a6f20e8fe6d5e,2026-09-03T15:42:01.221875
acct_1e35be7ad4,0e3c2cb1-1114-415c-a680-1204829213a3,awffyjf440@outlook.com,917993599377,3b9a8a8b26195c49,f5650e8d84f9c54b,9c70ae9c2de53295,2026-08-21T14:05:43.221875
acct_3e8b36e5b9,0e3c2cb1-1114-415c-a680-1204829213a3,wkvxvwpixi959@protonmail.com,918413571814,85f15d3bbc9b6a14,a0e7b1eb5053608e,cb2a10577ce4bb3f,2026-08-09T16:31:50.221875
acct_d282dc6322,0e3c2cb1-1114-415c-a680-1204829213a3,brfelaucv10@gmail.com,919543193153,cc56045f3a10c924,4f1f14c194ec7e00,d4f69c6091bc423a,2026-08-21T02:42:54.221875
acct_10fed82454,0e3c2cb1-1114-415c-a680-1204829213a3,kbvtibqjmo972@yahoo.com,919883979346,1f73eb1f94c12df9,536e7053d44f5200,0f966c72b84b214c,2026-08-11T22:53:43.221875
acct_ff716cc338,0e3c2cb1-1114-415c-a680-1204829213a3,xukzjii93@hotmail.com,918947619990,673facd02d9cadbf,1c48540e2dfac537,86c58528d4ac6fdb,2026-08-23T04:07:55.221875
acct_4bc1af4b20,0e3c2cb1-1114-415c-a680-1204829213a3,uuoxnna802@protonmail.com,917420560883,0920fd6d6efdd6d8,7fe5c8f1e4cec9e9,9815ae6510a27bb5,2026-08-21T05:32:39.221875
acct_473cb0dd29,0e3c2cb1-1114-415c-a680-1204829213a3,osgenmbq93@gmail.com,917440802099,ffb64d713c237062,9f19791121832c26,03e903cbb547ff4a,2026-08-30T22:01:13.221875
acct_026c312f83,0e3c2cb1-1114-415c-a680-1204829213a3,itybjtp282@hotmail.com,918105299895,d24936979c1cadd1,6a51bde9a7727b30,97b70a61925609a1,2026-08-24T15:21:45.221875
acct_5a234e946b,0e3c2cb1-1114-415c-a680-1204829213a3,xjpdqel906@outlook.com,918754581317,b56f3286e6bddc79,6f0f740f7788500b,56f19cd8780ea757,2026-08-15T11:56:05.221875
acct_5de19be1f2,0e3c2cb1-1114-415c-a680-1204829213a3,bthuiyagws608@protonmail.com,919899832157,0c8c14a9245140ac,63ebe8c6397b64a4,f2d6e71661737201,2026-08-22T21:38:17.221875
acct_fb65e6a5ad,0e3c2cb1-1114-415c-a680-1204829213a3,ugknonfuhb844@gmail.com,917735346111,f4964f4413f6e7d6,b3248a9e4c8fe239,81f0f648867bfdb1,2026-08-19T10:33:02.221875
acct_a41f487f9c,0e3c2cb1-1114-415c-a680-1204829213a3,rshjuaulwj927@protonmail.com,918106405122,37a21e47c2afc77e,b72c62bcb2e87ebc,c464c98048f42543,2026-08-09T10:35:52.221875
acct_646126c904,0e3c2cb1-1114-415c-a680-1204829213a3,hvavaquxw795@gmail.com,917441732767,8919498b77e96100,92beddc45b06d2ac,51cc51494ed93231,2026-08-21T15:45:40.221875
acct_5dc1f97760,0e3c2cb1-1114-415c-a680-1204829213a3,jtakusulxx981@gmail.com,917830103843,2a539941f3eeb58a,e27f8b361ab702e7,dadfad7e5703880c,2026-08-13T07:17:31.221875
acct_rzp_ce80fa5f,1ed1d417-6ce7-4b1d-ba96-1a08097b591a,saisarath6748@gmail.com,+917013395499,177d2e0a18a2a51f,03ede8c5f8d7cbb6,b202b0fc8e889f1c,2026-08-25T12:19:35
